{"initial_reset_timestamp": 1552689673.632586, "timestamps": [1552689680.9561055, 1552689687.7330914, 1552689687.8986065, 1552689687.9853513, 1552689688.0746868, 1552689688.1678596, 1552689688.2558665, 1552689688.3504386, 1552689695.0507383, 1552689695.2023582, 1552689695.2942655, 1552689695.3906748, 1552689695.4810972, 1552689695.5729854, 1552689695.6704602, 1552689695.7596958, 1552689695.8533108, 1552689695.943158, 1552689696.0305831, 1552689696.1230428, 1552689696.2100966, 1552689696.3007553, 1552689696.3927612, 1552689696.4798648, 1552689696.5670748, 1552689696.6584492, 1552689696.7458751, 1552689703.4053533, 1552689703.5818744, 1552689703.678323, 1552689703.7680795, 1552689703.8623211, 1552689703.9526875, 1552689704.0419075, 1552689704.1341574, 1552689704.2227006, 1552689704.3116994, 1552689704.402931, 1552689704.4906602, 1552689704.57888, 1552689704.6795537, 1552689704.7677417, 1552689704.8619132, 1552689704.9501653, 1552689705.0378554, 1552689705.1331148, 1552689705.2206538, 1552689705.3116183, 1552689705.4049995, 1552689705.4947884, 1552689705.5866857, 1552689705.6817377, 1552689705.7732718, 1552689705.8705745, 1552689705.961175, 1552689706.052745, 1552689706.1466165, 1552689706.234468, 1552689706.3242683, 1552689706.415824, 1552689706.5030978, 1552689706.5900714, 1552689706.6800392, 1552689706.7675784, 1552689713.4529366, 1552689713.6025662, 1552689713.6982586, 1552689713.791016, 1552689713.8890018, 1552689713.9803584, 1552689714.0728114, 1552689714.1681705, 1552689714.2585278, 1552689714.3499706, 1552689714.44158, 1552689714.5309927, 1552689714.6249743, 1552689714.71398, 1552689714.804512, 1552689714.9017243, 1552689714.9896142, 1552689715.0779924, 1552689715.1702735, 1552689715.2590587, 1552689715.3497217, 1552689715.4415927, 1552689715.5291274, 1552689715.620484, 1552689715.7096307, 1552689715.8037875, 1552689715.9011922, 1552689715.992027, 1552689716.0841746, 1552689716.1782777, 1552689716.2680576, 1552689716.3612814, 1552689716.4532514, 1552689716.5413668, 1552689716.6344154, 1552689716.722257], "episode_lengths": [200, 200, 200, 200, 200, 200, 200, 200, 200, 200, 200, 200, 200, 200, 200, 200, 200, 200, 200, 200, 200, 200, 200, 200, 200, 200, 200, 200, 200, 200, 200, 200, 200, 200, 200, 200, 200, 200, 200, 200, 200, 200, 200, 200, 200, 200, 200, 200, 200, 200, 200, 200, 200, 200, 200, 200, 200, 200, 200, 200, 200, 200, 200, 200, 200, 200, 200, 200, 200, 200, 200, 200, 200, 200, 200, 200, 200, 200, 200, 200, 200, 200, 200, 200, 200, 200, 200, 200, 200, 200, 200, 200, 200, 200, 200, 200, 200, 200, 200, 200], "episode_rewards": [200.0, 200.0, 200.0, 200.0, 200.0, 200.0, 200.0, 200.0, 200.0, 200.0, 200.0, 200.0, 200.0, 200.0, 200.0, 200.0, 200.0, 200.0, 200.0, 200.0, 200.0, 200.0, 200.0, 200.0, 200.0, 200.0, 200.0, 200.0, 200.0, 200.0, 200.0, 200.0, 200.0, 200.0, 200.0, 200.0, 200.0, 200.0, 200.0, 200.0, 200.0, 200.0, 200.0, 200.0, 200.0, 200.0, 200.0, 200.0, 200.0, 200.0, 200.0, 200.0, 200.0, 200.0, 200.0, 200.0, 200.0, 200.0, 200.0, 200.0, 200.0, 200.0, 200.0, 200.0, 200.0, 200.0, 200.0, 200.0, 200.0, 200.0, 200.0, 200.0, 200.0, 200.0, 200.0, 200.0, 200.0, 200.0, 200.0, 200.0, 200.0, 200.0, 200.0, 200.0, 200.0, 200.0, 200.0, 200.0, 200.0, 200.0, 200.0, 200.0, 200.0, 200.0, 200.0, 200.0, 200.0, 200.0, 200.0, 200.0], "episode_types": ["t", "t", "t", "t", "t", "t", "t", "t", "t", "t", "t", "t", "t", "t", "t", "t", "t", "t", "t", "t", "t", "t", "t", "t", "t", "t", "t", "t", "t", "t", "t", "t", "t", "t", "t", "t", "t", "t", "t", "t", "t", "t", "t", "t", "t", "t", "t", "t", "t", "t", "t", "t", "t", "t", "t", "t", "t", "t", "t", "t", "t", "t", "t", "t", "t", "t", "t", "t", "t", "t", "t", "t", "t", "t", "t", "t", "t", "t", "t", "t", "t", "t", "t", "t", "t", "t", "t", "t", "t", "t", "t", "t", "t", "t", "t", "t", "t", "t", "t", "t"]}