{"initial_reset_timestamp": 1552600652.0753624, "timestamps": [1552600659.3622181, 1552600666.0848804, 1552600666.1749527, 1552600666.1818008, 1552600666.1895428, 1552600666.1964188, 1552600666.2046318, 1552600666.2132585, 1552600672.8914773, 1552600672.9653494, 1552600672.973107, 1552600672.9807377, 1552600672.9887784, 1552600672.9961774, 1552600673.0039477, 1552600673.0110538, 1552600673.0189743, 1552600673.026005, 1552600673.034027, 1552600673.0410833, 1552600673.0490978, 1552600673.0562756, 1552600673.0700605, 1552600673.0802572, 1552600673.0878444, 1552600673.0948982, 1552600673.1025188], "episode_lengths": [200, 200, 200, 200, 200, 200, 200, 200, 200, 200, 200, 200, 200, 200, 200, 200, 200, 200, 200, 200, 200, 200, 200, 200, 200, 200, 200], "episode_rewards": [200.0, 200.0, 200.0, 200.0, 200.0, 200.0, 200.0, 200.0, 200.0, 200.0, 200.0, 200.0, 200.0, 200.0, 200.0, 200.0, 200.0, 200.0, 200.0, 200.0, 200.0, 200.0, 200.0, 200.0, 200.0, 200.0, 200.0], "episode_types": ["t", "t", "t", "t", "t", "t", "t", "t", "t", "t", "t", "t", "t", "t", "t", "t", "t", "t", "t", "t", "t", "t", "t", "t", "t", "t", "t", "t"]}