{"initial_reset_timestamp": 1552754574.582571, "timestamps": [1552754581.7290583, 1552754588.678249, 1552754588.768503, 1552754588.7844617, 1552754588.8004243, 1552754588.8157887, 1552754588.8319745, 1552754588.8477032, 1552754595.5566947, 1552754595.6560588, 1552754595.6723504, 1552754595.6890614, 1552754595.7059124, 1552754595.7274773, 1552754595.747945, 1552754595.7644205, 1552754595.7810767, 1552754595.7990253, 1552754595.8152683, 1552754595.8323507, 1552754595.8498864, 1552754595.8672156, 1552754595.8843899, 1552754595.9004853, 1552754595.9176567, 1552754595.9354568, 1552754595.9534526, 1552754602.6592326, 1552754602.750897, 1552754602.766626, 1552754602.7831805, 1552754602.799198, 1552754602.815281, 1552754602.8319802, 1552754602.8481567, 1552754602.864251, 1552754602.8802938, 1552754602.8963773, 1552754602.9123986, 1552754602.9281583, 1552754602.9442198, 1552754602.9605129, 1552754602.977202, 1552754602.9936063, 1552754603.0102885, 1552754603.0267336, 1552754603.0436234, 1552754603.059703, 1552754603.0761616, 1552754603.0925138, 1552754603.1089468, 1552754603.1256373, 1552754603.1418226, 1552754603.1579213, 1552754603.1746075, 1552754603.191552, 1552754603.2079554, 1552754603.2245636, 1552754603.2410083, 1552754603.2576354, 1552754603.2739108, 1552754603.2906716, 1552754603.307263, 1552754603.323759, 1552754610.0513132, 1552754610.1243315, 1552754610.1410303, 1552754610.1578183, 1552754610.175158, 1552754610.1926525, 1552754610.209875, 1552754610.2267838, 1552754610.2433584, 1552754610.2601469, 1552754610.2763999, 1552754610.2929971, 1552754610.30962, 1552754610.3258436, 1552754610.3427339, 1552754610.3592389, 1552754610.3759217, 1552754610.3925269, 1552754610.409313, 1552754610.4258375, 1552754610.4422302, 1552754610.4586072, 1552754610.475146, 1552754610.4925406, 1552754610.5087278, 1552754610.525595, 1552754610.542428, 1552754610.55961, 1552754610.5769408, 1552754610.5948515, 1552754610.6122031, 1552754610.628217, 1552754610.6444762, 1552754610.6608422, 1552754610.6768897, 1552754610.693447], "episode_lengths": [200, 200, 200, 200, 200, 200, 200, 200, 200, 200, 200, 200, 200, 200, 200, 200, 200, 200, 200, 200, 200, 200, 200, 200, 200, 200, 200, 200, 200, 200, 200, 200, 200, 200, 200, 200, 200, 200, 200, 200, 200, 200, 200, 200, 200, 200, 200, 200, 200, 200, 200, 200, 200, 200, 200, 200, 200, 200, 200, 200, 200, 200, 200, 200, 200, 200, 200, 200, 200, 200, 200, 200, 200, 200, 200, 200, 200, 200, 200, 200, 200, 200, 200, 200, 200, 200, 200, 200, 200, 200, 200, 200, 200, 200, 200, 200, 200, 200, 200, 200], "episode_rewards": [200.0, 200.0, 200.0, 200.0, 200.0, 200.0, 200.0, 200.0, 200.0, 200.0, 200.0, 200.0, 200.0, 200.0, 200.0, 200.0, 200.0, 200.0, 200.0, 200.0, 200.0, 200.0, 200.0, 200.0, 200.0, 200.0, 200.0, 200.0, 200.0, 200.0, 200.0, 200.0, 200.0, 200.0, 200.0, 200.0, 200.0, 200.0, 200.0, 200.0, 200.0, 200.0, 200.0, 200.0, 200.0, 200.0, 200.0, 200.0, 200.0, 200.0, 200.0, 200.0, 200.0, 200.0, 200.0, 200.0, 200.0, 200.0, 200.0, 200.0, 200.0, 200.0, 200.0, 200.0, 200.0, 200.0, 200.0, 200.0, 200.0, 200.0, 200.0, 200.0, 200.0, 200.0, 200.0, 200.0, 200.0, 200.0, 200.0, 200.0, 200.0, 200.0, 200.0, 200.0, 200.0, 200.0, 200.0, 200.0, 200.0, 200.0, 200.0, 200.0, 200.0, 200.0, 200.0, 200.0, 200.0, 200.0, 200.0, 200.0], "episode_types": ["t", "t", "t", "t", "t", "t", "t", "t", "t", "t", "t", "t", "t", "t", "t", "t", "t", "t", "t", "t", "t", "t", "t", "t", "t", "t", "t", "t", "t", "t", "t", "t", "t", "t", "t", "t", "t", "t", "t", "t", "t", "t", "t", "t", "t", "t", "t", "t", "t", "t", "t", "t", "t", "t", "t", "t", "t", "t", "t", "t", "t", "t", "t", "t", "t", "t", "t", "t", "t", "t", "t", "t", "t", "t", "t", "t", "t", "t", "t", "t", "t", "t", "t", "t", "t", "t", "t", "t", "t", "t", "t", "t", "t", "t", "t", "t", "t", "t", "t", "t"]}