{"initial_reset_timestamp": 1553178184.842911, "timestamps": [1553178192.1177, 1553178198.8590796, 1553178198.9282887, 1553178198.9424005, 1553178198.9569974, 1553178198.9705124, 1553178198.9848034, 1553178198.99854, 1553178205.7513604, 1553178205.880452, 1553178205.898957, 1553178205.9134715, 1553178205.9278762, 1553178205.941115, 1553178205.955674, 1553178205.9697893, 1553178205.9824698, 1553178205.9966598, 1553178206.01607, 1553178206.0353045, 1553178206.0490382, 1553178206.0630414, 1553178206.0769796, 1553178206.090655, 1553178206.1045144, 1553178206.1180465, 1553178206.1319797, 1553178212.840502, 1553178212.925209, 1553178212.9388678, 1553178212.9526374, 1553178212.9671316, 1553178212.9801533, 1553178212.9938345, 1553178213.0074995, 1553178213.0206754, 1553178213.033775, 1553178213.0474715, 1553178213.061299, 1553178213.074788, 1553178213.0885313, 1553178213.1025105, 1553178213.1156428, 1553178213.128766, 1553178213.142692, 1553178213.15651, 1553178213.1699173, 1553178213.183185, 1553178213.19663, 1553178213.2100437, 1553178213.225282, 1553178213.2405357, 1553178213.2548451, 1553178213.2690203, 1553178213.2825727, 1553178213.2956274, 1553178213.3117085, 1553178213.3266304, 1553178213.3407147, 1553178213.35488, 1553178213.3690288, 1553178213.3822372, 1553178213.3972266, 1553178213.4111352, 1553178220.0884397, 1553178220.1704094, 1553178220.184437, 1553178220.1990263, 1553178220.2136588, 1553178220.2281337, 1553178220.2439585, 1553178220.2592099, 1553178220.2738974, 1553178220.2876341, 1553178220.3014228, 1553178220.3155422, 1553178220.3291242, 1553178220.3435447, 1553178220.3573391, 1553178220.371602, 1553178220.3859863, 1553178220.400007, 1553178220.4131002, 1553178220.426861, 1553178220.4410112, 1553178220.4549658, 1553178220.4690175, 1553178220.4831579, 1553178220.4963005, 1553178220.5098903, 1553178220.524009, 1553178220.5384426, 1553178220.5522513, 1553178220.5664647, 1553178220.5796745, 1553178220.592973, 1553178220.607208, 1553178220.621318, 1553178220.6365795, 1553178220.6501648], "episode_lengths": [200, 200, 200, 200, 200, 200, 200, 200, 200, 200, 200, 200, 200, 200, 200, 200, 200, 200, 200, 200, 200, 200, 200, 200, 200, 200, 200, 200, 200, 200, 200, 200, 200, 200, 200, 200, 200, 200, 200, 200, 200, 200, 200, 200, 200, 200, 200, 200, 200, 200, 200, 200, 200, 200, 200, 200, 200, 200, 200, 200, 200, 200, 200, 200, 200, 200, 200, 200, 200, 200, 200, 200, 200, 200, 200, 200, 200, 200, 200, 200, 200, 200, 200, 200, 200, 200, 200, 200, 200, 200, 200, 200, 200, 200, 200, 200, 200, 200, 200, 200], "episode_rewards": [200.0, 200.0, 200.0, 200.0, 200.0, 200.0, 200.0, 200.0, 200.0, 200.0, 200.0, 200.0, 200.0, 200.0, 200.0, 200.0, 200.0, 200.0, 200.0, 200.0, 200.0, 200.0, 200.0, 200.0, 200.0, 200.0, 200.0, 200.0, 200.0, 200.0, 200.0, 200.0, 200.0, 200.0, 200.0, 200.0, 200.0, 200.0, 200.0, 200.0, 200.0, 200.0, 200.0, 200.0, 200.0, 200.0, 200.0, 200.0, 200.0, 200.0, 200.0, 200.0, 200.0, 200.0, 200.0, 200.0, 200.0, 200.0, 200.0, 200.0, 200.0, 200.0, 200.0, 200.0, 200.0, 200.0, 200.0, 200.0, 200.0, 200.0, 200.0, 200.0, 200.0, 200.0, 200.0, 200.0, 200.0, 200.0, 200.0, 200.0, 200.0, 200.0, 200.0, 200.0, 200.0, 200.0, 200.0, 200.0, 200.0, 200.0, 200.0, 200.0, 200.0, 200.0, 200.0, 200.0, 200.0, 200.0, 200.0, 200.0], "episode_types": ["t", "t", "t", "t", "t", "t", "t", "t", "t", "t", "t", "t", "t", "t", "t", "t", "t", "t", "t", "t", "t", "t", "t", "t", "t", "t", "t", "t", "t", "t", "t", "t", "t", "t", "t", "t", "t", "t", "t", "t", "t", "t", "t", "t", "t", "t", "t", "t", "t", "t", "t", "t", "t", "t", "t", "t", "t", "t", "t", "t", "t", "t", "t", "t", "t", "t", "t", "t", "t", "t", "t", "t", "t", "t", "t", "t", "t", "t", "t", "t", "t", "t", "t", "t", "t", "t", "t", "t", "t", "t", "t", "t", "t", "t", "t", "t", "t", "t", "t", "t"]}