{"initial_reset_timestamp": 1552728527.8305378, "timestamps": [1552728535.00772, 1552728541.8901496, 1552728541.97168, 1552728541.988215, 1552728542.0053396, 1552728542.0218208, 1552728542.0377748, 1552728542.0540857, 1552728548.8773663, 1552728548.957693, 1552728548.9739325, 1552728548.990461, 1552728549.007431, 1552728549.0245903, 1552728549.0409746, 1552728549.057612, 1552728549.0740118, 1552728549.0903184, 1552728549.1067538, 1552728549.1228375, 1552728549.139396, 1552728549.1559157, 1552728549.1725998, 1552728549.188957, 1552728549.2052464, 1552728549.2217505, 1552728549.237755, 1552728555.9101791, 1552728555.9883265, 1552728556.0072947, 1552728556.0249908, 1552728556.041811, 1552728556.0588408, 1552728556.075335, 1552728556.0920072, 1552728556.1088617, 1552728556.1262598, 1552728556.1447535, 1552728556.1631474, 1552728556.1806564, 1552728556.1989005, 1552728556.2154868, 1552728556.232285, 1552728556.2488422, 1552728556.264889, 1552728556.281178, 1552728556.2978065, 1552728556.3145785, 1552728556.3312895, 1552728556.3478708, 1552728556.3645499, 1552728556.381144, 1552728556.397874, 1552728556.4149117, 1552728556.4315362, 1552728556.4490476, 1552728556.4654286, 1552728556.4813478, 1552728556.498731, 1552728556.515934, 1552728556.5325937, 1552728556.5494483, 1552728556.565526, 1552728556.5826333, 1552728563.299673, 1552728563.3710234, 1552728563.388932, 1552728563.4054523, 1552728563.4232063, 1552728563.439914, 1552728563.4571204, 1552728563.4732208, 1552728563.4898117, 1552728563.5074096, 1552728563.523992, 1552728563.5401, 1552728563.5559812, 1552728563.5718064, 1552728563.5880804, 1552728563.6042545, 1552728563.6200633, 1552728563.6361506, 1552728563.6524868, 1552728563.6682153, 1552728563.6840894, 1552728563.700117, 1552728563.7156212, 1552728563.731286, 1552728563.74725, 1552728563.7637732, 1552728563.7794406, 1552728563.7951632, 1552728563.8123574, 1552728563.8282166, 1552728563.845282, 1552728563.8619206, 1552728563.8776248, 1552728563.8927524, 1552728563.9078307, 1552728563.9228916], "episode_lengths": [200, 200, 200, 200, 200, 200, 200, 200, 200, 200, 200, 200, 200, 200, 200, 200, 200, 200, 200, 200, 200, 200, 200, 200, 200, 200, 200, 200, 200, 200, 200, 200, 200, 200, 200, 200, 200, 200, 200, 200, 200, 200, 200, 200, 200, 200, 200, 200, 200, 200, 200, 200, 200, 200, 200, 200, 200, 200, 200, 200, 200, 200, 200, 200, 200, 200, 200, 200, 200, 200, 200, 200, 200, 200, 200, 200, 200, 200, 200, 200, 200, 200, 200, 200, 200, 200, 200, 200, 200, 200, 200, 200, 200, 200, 200, 200, 200, 200, 200, 200], "episode_rewards": [200.0, 200.0, 200.0, 200.0, 200.0, 200.0, 200.0, 200.0, 200.0, 200.0, 200.0, 200.0, 200.0, 200.0, 200.0, 200.0, 200.0, 200.0, 200.0, 200.0, 200.0, 200.0, 200.0, 200.0, 200.0, 200.0, 200.0, 200.0, 200.0, 200.0, 200.0, 200.0, 200.0, 200.0, 200.0, 200.0, 200.0, 200.0, 200.0, 200.0, 200.0, 200.0, 200.0, 200.0, 200.0, 200.0, 200.0, 200.0, 200.0, 200.0, 200.0, 200.0, 200.0, 200.0, 200.0, 200.0, 200.0, 200.0, 200.0, 200.0, 200.0, 200.0, 200.0, 200.0, 200.0, 200.0, 200.0, 200.0, 200.0, 200.0, 200.0, 200.0, 200.0, 200.0, 200.0, 200.0, 200.0, 200.0, 200.0, 200.0, 200.0, 200.0, 200.0, 200.0, 200.0, 200.0, 200.0, 200.0, 200.0, 200.0, 200.0, 200.0, 200.0, 200.0, 200.0, 200.0, 200.0, 200.0, 200.0, 200.0], "episode_types": ["t", "t", "t", "t", "t", "t", "t", "t", "t", "t", "t", "t", "t", "t", "t", "t", "t", "t", "t", "t", "t", "t", "t", "t", "t", "t", "t", "t", "t", "t", "t", "t", "t", "t", "t", "t", "t", "t", "t", "t", "t", "t", "t", "t", "t", "t", "t", "t", "t", "t", "t", "t", "t", "t", "t", "t", "t", "t", "t", "t", "t", "t", "t", "t", "t", "t", "t", "t", "t", "t", "t", "t", "t", "t", "t", "t", "t", "t", "t", "t", "t", "t", "t", "t", "t", "t", "t", "t", "t", "t", "t", "t", "t", "t", "t", "t", "t", "t", "t", "t"]}