{"initial_reset_timestamp": 1553534568.7837238, "timestamps": [1553534573.6377184, 1553534577.521046, 1553534577.62576, 1553534577.641782, 1553534577.6600287, 1553534577.6756508, 1553534577.6920068, 1553534577.7072797, 1553534580.5376215, 1553534580.6239998, 1553534580.6395237, 1553534580.6563976, 1553534580.671359, 1553534580.6868494, 1553534580.7023642, 1553534580.7181106, 1553534580.733569, 1553534580.7495432, 1553534580.7661953, 1553534580.7835603, 1553534580.8001738, 1553534580.812647, 1553534580.8295276, 1553534580.8457212, 1553534580.858851, 1553534580.875813, 1553534580.8921828, 1553534584.843466, 1553534584.917202, 1553534584.9322767, 1553534584.9439714, 1553534584.962001, 1553534584.9788702, 1553534584.9957745, 1553534585.0112855, 1553534585.0266936, 1553534585.0421522, 1553534585.0597527, 1553534585.0777826, 1553534585.0936143, 1553534585.108821, 1553534585.1245925, 1553534585.1406353, 1553534585.1558852, 1553534585.1716132, 1553534585.1874928, 1553534585.1985264, 1553534585.2134647, 1553534585.2290068, 1553534585.244631, 1553534585.2597046, 1553534585.2777731, 1553534585.2950165, 1553534585.310441, 1553534585.3265686, 1553534585.342563, 1553534585.3585153, 1553534585.3756175, 1553534585.3912666, 1553534585.4074032, 1553534585.4229708, 1553534585.438762, 1553534585.4543836, 1553534585.465307, 1553534590.0213299, 1553534590.1071072, 1553534590.1225233, 1553534590.1378522, 1553534590.1539986, 1553534590.1716037, 1553534590.187968, 1553534590.2038379, 1553534590.2195888, 1553534590.2354088, 1553534590.2518127, 1553534590.2672076, 1553534590.28441, 1553534590.3000221, 1553534590.3146694, 1553534590.3292096, 1553534590.3440287, 1553534590.3613288, 1553534590.378646, 1553534590.3895626, 1553534590.405053, 1553534590.4214487, 1553534590.4378734, 1553534590.455937, 1553534590.4717617, 1553534590.483528, 1553534590.498115, 1553534590.5125184, 1553534590.527119, 1553534590.5442278, 1553534590.5557165, 1553534590.5715172, 1553534590.5870519, 1553534590.6020985, 1553534590.6168141, 1553534590.633978], "episode_lengths": [129, 114, 135, 120, 136, 114, 117, 114, 84, 85, 114, 129, 113, 114, 118, 118, 114, 117, 114, 119, 114, 83, 115, 114, 84, 116, 119, 118, 84, 119, 85, 134, 126, 126, 114, 114, 113, 129, 134, 118, 116, 119, 118, 114, 114, 114, 84, 114, 120, 118, 114, 136, 126, 114, 118, 120, 118, 126, 114, 117, 114, 116, 119, 86, 136, 114, 119, 114, 121, 134, 126, 119, 118, 118, 120, 115, 129, 118, 116, 114, 118, 134, 134, 85, 114, 126, 129, 136, 119, 86, 116, 117, 114, 134, 88, 119, 118, 116, 113, 135], "episode_rewards": [-129.0, -114.0, -135.0, -120.0, -136.0, -114.0, -117.0, -114.0, -84.0, -85.0, -114.0, -129.0, -113.0, -114.0, -118.0, -118.0, -114.0, -117.0, -114.0, -119.0, -114.0, -83.0, -115.0, -114.0, -84.0, -116.0, -119.0, -118.0, -84.0, -119.0, -85.0, -134.0, -126.0, -126.0, -114.0, -114.0, -113.0, -129.0, -134.0, -118.0, -116.0, -119.0, -118.0, -114.0, -114.0, -114.0, -84.0, -114.0, -120.0, -118.0, -114.0, -136.0, -126.0, -114.0, -118.0, -120.0, -118.0, -126.0, -114.0, -117.0, -114.0, -116.0, -119.0, -86.0, -136.0, -114.0, -119.0, -114.0, -121.0, -134.0, -126.0, -119.0, -118.0, -118.0, -120.0, -115.0, -129.0, -118.0, -116.0, -114.0, -118.0, -134.0, -134.0, -85.0, -114.0, -126.0, -129.0, -136.0, -119.0, -86.0, -116.0, -117.0, -114.0, -134.0, -88.0, -119.0, -118.0, -116.0, -113.0, -135.0], "episode_types": ["t", "t", "t", "t", "t", "t", "t", "t", "t", "t", "t", "t", "t", "t", "t", "t", "t", "t", "t", "t", "t", "t", "t", "t", "t", "t", "t", "t", "t", "t", "t", "t", "t", "t", "t", "t", "t", "t", "t", "t", "t", "t", "t", "t", "t", "t", "t", "t", "t", "t", "t", "t", "t", "t", "t", "t", "t", "t", "t", "t", "t", "t", "t", "t", "t", "t", "t", "t", "t", "t", "t", "t", "t", "t", "t", "t", "t", "t", "t", "t", "t", "t", "t", "t", "t", "t", "t", "t", "t", "t", "t", "t", "t", "t", "t", "t", "t", "t", "t", "t"]}