{"initial_reset_timestamp": 1552692600.4577167, "timestamps": [1552692607.901703, 1552692614.6497955, 1552692614.745052, 1552692614.7606459, 1552692614.7769015, 1552692614.7933412, 1552692614.809419, 1552692614.8252263, 1552692621.5122964, 1552692621.59231, 1552692621.6122212, 1552692621.6348855, 1552692621.6511772, 1552692621.6673343, 1552692621.683445, 1552692621.6994863, 1552692621.716074, 1552692621.732128, 1552692621.7485209, 1552692621.7660427, 1552692621.785301, 1552692621.8030534, 1552692621.8194997, 1552692621.8355854, 1552692621.8519175, 1552692621.868191, 1552692621.8848755, 1552692628.5567636, 1552692628.6328075, 1552692628.6494813, 1552692628.666491, 1552692628.6835594, 1552692628.7006822, 1552692628.7178595, 1552692628.7340975, 1552692628.7498677, 1552692628.7658584, 1552692628.7816947, 1552692628.7979949, 1552692628.8140743, 1552692628.8298624, 1552692628.8459651, 1552692628.8618753, 1552692628.8782084, 1552692628.8939993, 1552692628.9099288, 1552692628.9259644, 1552692628.9423048, 1552692628.958347, 1552692628.9742174, 1552692628.9905245, 1552692629.0075185, 1552692629.0247388, 1552692629.0412407, 1552692629.0575225, 1552692629.0738714, 1552692629.090348, 1552692629.1067638, 1552692629.1229656, 1552692629.1395578, 1552692629.1554668, 1552692629.17285, 1552692629.1907232, 1552692629.2079551, 1552692635.890144, 1552692635.9859233, 1552692636.00253, 1552692636.0190256, 1552692636.035467, 1552692636.0520732, 1552692636.0687437, 1552692636.085949, 1552692636.1008503, 1552692636.117155, 1552692636.1341646, 1552692636.1504178, 1552692636.16668, 1552692636.1827016, 1552692636.1986716, 1552692636.214942, 1552692636.2314234, 1552692636.2480204, 1552692636.2651792, 1552692636.2834387, 1552692636.3007102, 1552692636.317502, 1552692636.3343842, 1552692636.3504908, 1552692636.3664343, 1552692636.3828468, 1552692636.3989918, 1552692636.4153252, 1552692636.4318962, 1552692636.4480238, 1552692636.4646478, 1552692636.4821756, 1552692636.4981577, 1552692636.514365, 1552692636.5306416, 1552692636.547017], "episode_lengths": [200, 200, 200, 200, 200, 200, 200, 200, 200, 200, 200, 200, 200, 200, 200, 200, 200, 200, 200, 200, 200, 200, 200, 200, 200, 200, 200, 200, 200, 200, 200, 200, 200, 200, 200, 200, 200, 200, 200, 200, 200, 200, 200, 200, 200, 200, 200, 200, 200, 200, 200, 200, 200, 200, 200, 200, 200, 200, 200, 200, 200, 200, 200, 200, 200, 200, 200, 200, 200, 200, 200, 200, 200, 200, 200, 200, 200, 200, 200, 200, 200, 200, 200, 200, 200, 200, 200, 200, 200, 200, 200, 200, 200, 200, 200, 200, 200, 200, 200, 200], "episode_rewards": [200.0, 200.0, 200.0, 200.0, 200.0, 200.0, 200.0, 200.0, 200.0, 200.0, 200.0, 200.0, 200.0, 200.0, 200.0, 200.0, 200.0, 200.0, 200.0, 200.0, 200.0, 200.0, 200.0, 200.0, 200.0, 200.0, 200.0, 200.0, 200.0, 200.0, 200.0, 200.0, 200.0, 200.0, 200.0, 200.0, 200.0, 200.0, 200.0, 200.0, 200.0, 200.0, 200.0, 200.0, 200.0, 200.0, 200.0, 200.0, 200.0, 200.0, 200.0, 200.0, 200.0, 200.0, 200.0, 200.0, 200.0, 200.0, 200.0, 200.0, 200.0, 200.0, 200.0, 200.0, 200.0, 200.0, 200.0, 200.0, 200.0, 200.0, 200.0, 200.0, 200.0, 200.0, 200.0, 200.0, 200.0, 200.0, 200.0, 200.0, 200.0, 200.0, 200.0, 200.0, 200.0, 200.0, 200.0, 200.0, 200.0, 200.0, 200.0, 200.0, 200.0, 200.0, 200.0, 200.0, 200.0, 200.0, 200.0, 200.0], "episode_types": ["t", "t", "t", "t", "t", "t", "t", "t", "t", "t", "t", "t", "t", "t", "t", "t", "t", "t", "t", "t", "t", "t", "t", "t", "t", "t", "t", "t", "t", "t", "t", "t", "t", "t", "t", "t", "t", "t", "t", "t", "t", "t", "t", "t", "t", "t", "t", "t", "t", "t", "t", "t", "t", "t", "t", "t", "t", "t", "t", "t", "t", "t", "t", "t", "t", "t", "t", "t", "t", "t", "t", "t", "t", "t", "t", "t", "t", "t", "t", "t", "t", "t", "t", "t", "t", "t", "t", "t", "t", "t", "t", "t", "t", "t", "t", "t", "t", "t", "t", "t"]}