{"initial_reset_timestamp": 1553530788.4536402, "timestamps": [1553530795.7217164, 1553530802.4960535, 1553530802.5756218, 1553530802.5890045, 1553530802.6028085, 1553530802.6171072, 1553530802.6304743, 1553530802.6446464, 1553530809.349894, 1553530809.436692, 1553530809.450737, 1553530809.464974, 1553530809.4792387, 1553530809.4934514, 1553530809.5075252, 1553530809.520583, 1553530809.5343397, 1553530809.5482645, 1553530809.5623114, 1553530809.5764234, 1553530809.5905578, 1553530809.6037703, 1553530809.617572, 1553530809.6315017, 1553530809.6457965, 1553530809.659678, 1553530809.6733873, 1553530816.4299433, 1553530816.5078251, 1553530816.521181, 1553530816.5337203, 1553530816.5473487, 1553530816.5612614, 1553530816.5751834, 1553530816.5890722, 1553530816.6019847, 1553530816.6155457, 1553530816.6296985, 1553530816.6435363, 1553530816.6580248, 1553530816.6725628, 1553530816.685932, 1553530816.6995912, 1553530816.7135198, 1553530816.727254, 1553530816.741492, 1553530816.7555149, 1553530816.768923, 1553530816.7827406, 1553530816.796966, 1553530816.8114514, 1553530816.825907, 1553530816.8402371, 1553530816.8548324, 1553530816.868419, 1553530816.8822575, 1553530816.8963385, 1553530816.910214, 1553530816.9239337, 1553530816.937758, 1553530816.9509976, 1553530816.9647293, 1553530816.9787576, 1553530816.9925063, 1553530823.7863019, 1553530823.859902, 1553530823.8745387, 1553530823.8892493, 1553530823.903522, 1553530823.9170575, 1553530823.9308598, 1553530823.9455383, 1553530823.9598873, 1553530823.9737563, 1553530823.9872653, 1553530824.0003586, 1553530824.0139341, 1553530824.0282364, 1553530824.0420418, 1553530824.0554588, 1553530824.0728528, 1553530824.0904646, 1553530824.1044812, 1553530824.1188583, 1553530824.1324973, 1553530824.1459618, 1553530824.1606247, 1553530824.174504, 1553530824.1884677, 1553530824.202294, 1553530824.2156723, 1553530824.2294898, 1553530824.2434826, 1553530824.2575586, 1553530824.2718487, 1553530824.2854924, 1553530824.2986038, 1553530824.312606, 1553530824.3266368, 1553530824.340732], "episode_lengths": [200, 200, 200, 200, 200, 200, 200, 200, 200, 200, 200, 200, 200, 200, 200, 200, 200, 200, 200, 200, 200, 200, 200, 200, 200, 200, 200, 200, 200, 200, 200, 200, 200, 200, 200, 200, 200, 200, 200, 200, 200, 200, 200, 200, 200, 200, 200, 200, 200, 200, 200, 200, 200, 200, 200, 200, 200, 200, 200, 200, 200, 200, 200, 200, 200, 200, 200, 200, 200, 200, 200, 200, 200, 200, 200, 200, 200, 200, 200, 200, 200, 200, 200, 200, 200, 200, 200, 200, 200, 200, 200, 200, 200, 200, 200, 200, 200, 200, 200, 200], "episode_rewards": [200.0, 200.0, 200.0, 200.0, 200.0, 200.0, 200.0, 200.0, 200.0, 200.0, 200.0, 200.0, 200.0, 200.0, 200.0, 200.0, 200.0, 200.0, 200.0, 200.0, 200.0, 200.0, 200.0, 200.0, 200.0, 200.0, 200.0, 200.0, 200.0, 200.0, 200.0, 200.0, 200.0, 200.0, 200.0, 200.0, 200.0, 200.0, 200.0, 200.0, 200.0, 200.0, 200.0, 200.0, 200.0, 200.0, 200.0, 200.0, 200.0, 200.0, 200.0, 200.0, 200.0, 200.0, 200.0, 200.0, 200.0, 200.0, 200.0, 200.0, 200.0, 200.0, 200.0, 200.0, 200.0, 200.0, 200.0, 200.0, 200.0, 200.0, 200.0, 200.0, 200.0, 200.0, 200.0, 200.0, 200.0, 200.0, 200.0, 200.0, 200.0, 200.0, 200.0, 200.0, 200.0, 200.0, 200.0, 200.0, 200.0, 200.0, 200.0, 200.0, 200.0, 200.0, 200.0, 200.0, 200.0, 200.0, 200.0, 200.0], "episode_types": ["t", "t", "t", "t", "t", "t", "t", "t", "t", "t", "t", "t", "t", "t", "t", "t", "t", "t", "t", "t", "t", "t", "t", "t", "t", "t", "t", "t", "t", "t", "t", "t", "t", "t", "t", "t", "t", "t", "t", "t", "t", "t", "t", "t", "t", "t", "t", "t", "t", "t", "t", "t", "t", "t", "t", "t", "t", "t", "t", "t", "t", "t", "t", "t", "t", "t", "t", "t", "t", "t", "t", "t", "t", "t", "t", "t", "t", "t", "t", "t", "t", "t", "t", "t", "t", "t", "t", "t", "t", "t", "t", "t", "t", "t", "t", "t", "t", "t", "t", "t"]}