{"initial_reset_timestamp": 1555281781.7103903, "timestamps": [1555281786.627338, 1555281790.4426265, 1555281790.5262623, 1555281790.53427, 1555281790.5429873, 1555281790.5496526, 1555281790.559812, 1555281790.5663853, 1555281794.4165003, 1555281794.5171702, 1555281794.523133, 1555281794.5306983, 1555281794.5381417, 1555281794.5457797, 1555281794.5543966, 1555281794.5619116, 1555281794.570821, 1555281794.5786545, 1555281794.5891213, 1555281794.5970414, 1555281794.6039724, 1555281794.6095574, 1555281794.618579, 1555281794.62479, 1555281794.6307602, 1555281794.6395786, 1555281794.64728, 1555281798.5474863, 1555281798.6236258, 1555281798.6328392, 1555281798.647794, 1555281798.6549125, 1555281798.6625674, 1555281798.671761, 1555281798.6777658, 1555281798.6858168, 1555281798.6932604, 1555281798.6999342, 1555281798.707292, 1555281798.7217264, 1555281798.7296185, 1555281798.7441535, 1555281798.7512794, 1555281798.7655537, 1555281798.774017, 1555281798.7798197, 1555281798.7888558, 1555281798.803153, 1555281798.817728, 1555281798.8254669, 1555281798.839884, 1555281798.8483074, 1555281798.8560169, 1555281798.8623707, 1555281798.8708217, 1555281798.8770118, 1555281798.8857586, 1555281798.8933072, 1555281798.9026847, 1555281798.908237, 1555281798.9172416, 1555281798.9230769, 1555281798.9373255, 1555281798.9453394, 1555281802.6889577, 1555281802.7758813, 1555281802.7835934, 1555281802.7893436, 1555281802.798549, 1555281802.8068671, 1555281802.8131788, 1555281802.821655, 1555281802.8293712, 1555281802.8381681, 1555281802.8460708, 1555281802.8545682, 1555281802.8622973, 1555281802.8692205, 1555281802.87715, 1555281802.8911953, 1555281802.8996408, 1555281802.9072592, 1555281802.9161472, 1555281802.9235728, 1555281802.931875, 1555281802.9395602, 1555281802.9494178, 1555281802.9558325, 1555281802.961836, 1555281802.9775028, 1555281802.9862401, 1555281802.9937277, 1555281803.0023205, 1555281803.0100372, 1555281803.0171463, 1555281803.0246885, 1555281803.0316749, 1555281803.0373864, 1555281803.0450428, 1555281803.0537612], "episode_lengths": [111, 111, 111, 113, 113, 85, 116, 85, 113, 117, 87, 111, 85, 112, 112, 112, 116, 113, 141, 117, 84, 85, 115, 89, 86, 111, 111, 116, 111, 115, 200, 88, 115, 112, 89, 102, 116, 84, 111, 200, 117, 200, 87, 200, 116, 85, 117, 200, 200, 115, 200, 113, 111, 89, 114, 88, 116, 112, 117, 84, 115, 87, 200, 113, 111, 111, 111, 86, 116, 112, 84, 111, 112, 112, 115, 111, 114, 89, 116, 200, 111, 114, 112, 115, 111, 111, 116, 86, 86, 200, 114, 111, 114, 111, 89, 111, 88, 84, 112, 115], "episode_rewards": [-111.0, -111.0, -111.0, -113.0, -113.0, -85.0, -116.0, -85.0, -113.0, -117.0, -87.0, -111.0, -85.0, -112.0, -112.0, -112.0, -116.0, -113.0, -141.0, -117.0, -84.0, -85.0, -115.0, -89.0, -86.0, -111.0, -111.0, -116.0, -111.0, -115.0, -200.0, -88.0, -115.0, -112.0, -89.0, -102.0, -116.0, -84.0, -111.0, -200.0, -117.0, -200.0, -87.0, -200.0, -116.0, -85.0, -117.0, -200.0, -200.0, -115.0, -200.0, -113.0, -111.0, -89.0, -114.0, -88.0, -116.0, -112.0, -117.0, -84.0, -115.0, -87.0, -200.0, -113.0, -111.0, -111.0, -111.0, -86.0, -116.0, -112.0, -84.0, -111.0, -112.0, -112.0, -115.0, -111.0, -114.0, -89.0, -116.0, -200.0, -111.0, -114.0, -112.0, -115.0, -111.0, -111.0, -116.0, -86.0, -86.0, -200.0, -114.0, -111.0, -114.0, -111.0, -89.0, -111.0, -88.0, -84.0, -112.0, -115.0], "episode_types": ["t", "t", "t", "t", "t", "t", "t", "t", "t", "t", "t", "t", "t", "t", "t", "t", "t", "t", "t", "t", "t", "t", "t", "t", "t", "t", "t", "t", "t", "t", "t", "t", "t", "t", "t", "t", "t", "t", "t", "t", "t", "t", "t", "t", "t", "t", "t", "t", "t", "t", "t", "t", "t", "t", "t", "t", "t", "t", "t", "t", "t", "t", "t", "t", "t", "t", "t", "t", "t", "t", "t", "t", "t", "t", "t", "t", "t", "t", "t", "t", "t", "t", "t", "t", "t", "t", "t", "t", "t", "t", "t", "t", "t", "t", "t", "t", "t", "t", "t", "t"]}