{"initial_reset_timestamp": 1552725014.0056853, "timestamps": [1552725021.1785312, 1552725027.9267323, 1552725028.0199103, 1552725028.0358005, 1552725028.0519068, 1552725028.0680058, 1552725028.0843813, 1552725028.1004975, 1552725034.773647, 1552725034.8586676, 1552725034.874363, 1552725034.8906713, 1552725034.9069645, 1552725034.9231415, 1552725034.9392624, 1552725034.9552712, 1552725034.9730828, 1552725034.9901953, 1552725035.0058997, 1552725035.0217931, 1552725035.0377536, 1552725035.0541203, 1552725035.0702415, 1552725035.086435, 1552725035.103241, 1552725035.119499, 1552725035.1354916, 1552725041.8043983, 1552725041.8882127, 1552725041.9047604, 1552725041.921219, 1552725041.9384923, 1552725041.9571598, 1552725041.9770768, 1552725041.996648, 1552725042.0151992, 1552725042.0328565, 1552725042.0506947, 1552725042.0682247, 1552725042.0859745, 1552725042.1034951, 1552725042.121162, 1552725042.1391273, 1552725042.157322, 1552725042.1871352, 1552725042.2085993, 1552725042.2390351, 1552725042.2678764, 1552725042.287508, 1552725042.305327, 1552725042.3250551, 1552725042.3473861, 1552725042.3700652, 1552725042.3881783, 1552725042.405767, 1552725042.4229317, 1552725042.4399703, 1552725042.457057, 1552725042.4748678, 1552725042.492238, 1552725042.5090723, 1552725042.5255775, 1552725042.5442786, 1552725042.5638304, 1552725049.5087268, 1552725049.5820324, 1552725049.5986323, 1552725049.6150894, 1552725049.6322024, 1552725049.6492105, 1552725049.6655893, 1552725049.683363, 1552725049.7001505, 1552725049.7163243, 1552725049.7324276, 1552725049.7486372, 1552725049.7647476, 1552725049.7813802, 1552725049.7978642, 1552725049.8147776, 1552725049.831624, 1552725049.8481321, 1552725049.8663788, 1552725049.8846352, 1552725049.9026628, 1552725049.9208403, 1552725049.939284, 1552725049.9573011, 1552725049.9774477, 1552725049.9962523, 1552725050.0127194, 1552725050.029432, 1552725050.0463564, 1552725050.0632463, 1552725050.0799212, 1552725050.0970967, 1552725050.1135445, 1552725050.12995, 1552725050.1461506, 1552725050.1624196], "episode_lengths": [200, 200, 200, 200, 200, 200, 200, 200, 200, 200, 200, 200, 200, 200, 200, 200, 200, 200, 200, 200, 200, 200, 200, 200, 200, 200, 200, 200, 200, 200, 200, 200, 200, 200, 200, 200, 200, 200, 200, 200, 200, 200, 200, 200, 200, 200, 200, 200, 200, 200, 200, 200, 200, 200, 200, 200, 200, 200, 200, 200, 200, 200, 200, 200, 200, 200, 200, 200, 200, 200, 200, 200, 200, 200, 200, 200, 200, 200, 200, 200, 200, 200, 200, 200, 200, 200, 200, 200, 200, 200, 200, 200, 200, 200, 200, 200, 200, 200, 200, 200], "episode_rewards": [200.0, 200.0, 200.0, 200.0, 200.0, 200.0, 200.0, 200.0, 200.0, 200.0, 200.0, 200.0, 200.0, 200.0, 200.0, 200.0, 200.0, 200.0, 200.0, 200.0, 200.0, 200.0, 200.0, 200.0, 200.0, 200.0, 200.0, 200.0, 200.0, 200.0, 200.0, 200.0, 200.0, 200.0, 200.0, 200.0, 200.0, 200.0, 200.0, 200.0, 200.0, 200.0, 200.0, 200.0, 200.0, 200.0, 200.0, 200.0, 200.0, 200.0, 200.0, 200.0, 200.0, 200.0, 200.0, 200.0, 200.0, 200.0, 200.0, 200.0, 200.0, 200.0, 200.0, 200.0, 200.0, 200.0, 200.0, 200.0, 200.0, 200.0, 200.0, 200.0, 200.0, 200.0, 200.0, 200.0, 200.0, 200.0, 200.0, 200.0, 200.0, 200.0, 200.0, 200.0, 200.0, 200.0, 200.0, 200.0, 200.0, 200.0, 200.0, 200.0, 200.0, 200.0, 200.0, 200.0, 200.0, 200.0, 200.0, 200.0], "episode_types": ["t", "t", "t", "t", "t", "t", "t", "t", "t", "t", "t", "t", "t", "t", "t", "t", "t", "t", "t", "t", "t", "t", "t", "t", "t", "t", "t", "t", "t", "t", "t", "t", "t", "t", "t", "t", "t", "t", "t", "t", "t", "t", "t", "t", "t", "t", "t", "t", "t", "t", "t", "t", "t", "t", "t", "t", "t", "t", "t", "t", "t", "t", "t", "t", "t", "t", "t", "t", "t", "t", "t", "t", "t", "t", "t", "t", "t", "t", "t", "t", "t", "t", "t", "t", "t", "t", "t", "t", "t", "t", "t", "t", "t", "t", "t", "t", "t", "t", "t", "t"]}