{"initial_reset_timestamp": 1555170853.0259094, "timestamps": [1555170856.9426987, 1555170860.3073456, 1555170860.4605594, 1555170860.482695, 1555170860.5067637, 1555170860.5279913, 1555170860.5528774, 1555170860.5746574, 1555170863.5586903, 1555170863.7412844, 1555170863.7726262, 1555170863.806602, 1555170863.8394268, 1555170863.859624, 1555170863.8824794, 1555170863.914256, 1555170863.9412477, 1555170863.9684725, 1555170863.9898076, 1555170864.020394, 1555170864.0538073, 1555170864.0866394, 1555170864.1125531, 1555170864.141769, 1555170864.182102, 1555170864.2214942, 1555170864.2433994, 1555170866.919724, 1555170867.0723946, 1555170867.093864, 1555170867.115313, 1555170867.1491356, 1555170867.170941, 1555170867.1918087, 1555170867.2108526, 1555170867.2350538, 1555170867.2586145, 1555170867.2766056, 1555170867.2964451, 1555170867.3168502, 1555170867.3359704, 1555170867.3582373, 1555170867.3784971, 1555170867.3992176, 1555170867.421014, 1555170867.4528227, 1555170867.4772885, 1555170867.4958117, 1555170867.5210807, 1555170867.5420318, 1555170867.5635273, 1555170867.5842922, 1555170867.6094816, 1555170867.6340137, 1555170867.6574187, 1555170867.6857834, 1555170867.7104661, 1555170867.736304, 1555170867.7581098, 1555170867.778857, 1555170867.801852, 1555170867.8222585, 1555170867.8478236, 1555170867.8668208], "episode_lengths": [75, 94, 93, 81, 77, 75, 85, 73, 87, 94, 72, 77, 95, 73, 72, 97, 81, 84, 71, 92, 102, 102, 70, 77, 111, 120, 75, 78, 104, 81, 76, 129, 87, 83, 72, 91, 89, 70, 78, 80, 75, 88, 82, 75, 76, 125, 97, 73, 98, 74, 81, 74, 97, 77, 74, 93, 78, 86, 83, 82, 89, 81, 93, 70], "episode_rewards": [-74.0, -93.0, -92.0, -80.0, -76.0, -74.0, -84.0, -72.0, -86.0, -93.0, -71.0, -76.0, -94.0, -72.0, -71.0, -96.0, -80.0, -83.0, -70.0, -91.0, -101.0, -101.0, -69.0, -76.0, -110.0, -119.0, -74.0, -77.0, -103.0, -80.0, -75.0, -128.0, -86.0, -82.0, -71.0, -90.0, -88.0, -69.0, -77.0, -79.0, -74.0, -87.0, -81.0, -74.0, -75.0, -124.0, -96.0, -72.0, -97.0, -73.0, -80.0, -73.0, -96.0, -76.0, -73.0, -92.0, -77.0, -85.0, -82.0, -81.0, -88.0, -80.0, -92.0, -69.0], "episode_types": ["t", "t", "t", "t", "t", "t", "t", "t", "t", "t", "t", "t", "t", "t", "t", "t", "t", "t", "t", "t", "t", "t", "t", "t", "t", "t", "t", "t", "t", "t", "t", "t", "t", "t", "t", "t", "t", "t", "t", "t", "t", "t", "t", "t", "t", "t", "t", "t", "t", "t", "t", "t", "t", "t", "t", "t", "t", "t", "t", "t", "t", "t", "t", "t", "t"]}